Date,CL,MOH,AAP,BLK,HBAN,MAS,HON,CMCSA
2021-06-28,79.88790893554688,254.02999877929688,199.45054626464844,858.99462890625,13.732453346252441,57.101104736328125,212.73129272460938,55.029388427734375
2021-06-29,79.4284439086914,256.8299865722656,200.2210235595703,853.9016723632812,13.684537887573242,57.13058090209961,211.90701293945312,55.46099090576172
2021-06-30,79.52619934082031,253.05999755859375,200.0649871826172,855.3092041015625,13.674956321716309,57.88721466064453,215.2433624267578,55.931827545166016
2021-07-01,79.90745544433594,256.04998779296875,203.7709503173828,859.4735717773438,13.828283309936523,57.79877853393555,216.48959350585938,56.64790344238281
2021-07-02,79.86834716796875,257.0,205.8287811279297,873.550048828125,13.751619338989258,57.7103385925293,217.176513671875,57.305110931396484
2021-07-06,80.1323013305664,255.66000366210938,203.5369110107422,872.621337890625,13.387465476989746,56.94388198852539,214.46815490722656,56.802696228027344
2021-07-07,80.80683135986328,256.7300109863281,204.25860595703125,880.6957397460938,13.34913444519043,57.44502639770508,216.6073455810547,57.30511474609375
2021-07-08,80.49401092529297,253.47000122070312,202.3763427734375,856.804931640625,13.119140625,56.51152038574219,215.2139434814453,57.36422348022461
2021-07-09,80.58199310302734,257.25,208.18890380859375,881.0574340820312,13.674956321716309,57.43519973754883,220.1399383544922,57.167198181152344
2021-07-12,81.0707778930664,257.7099914550781,206.68699645996094,895.3391723632812,13.84744930267334,57.64155960083008,220.80722045898438,57.393775939941406
2021-07-13,80.78728485107422,257.04998779296875,203.8002166748047,887.66552734375,13.559958457946777,57.34676742553711,219.8848114013672,56.9603157043457
2021-07-14,81.36405181884766,255.10000610351562,204.9608154296875,860.5390625,13.502461433410645,57.43519973754883,223.5057373046875,56.91106414794922
2021-07-15,81.75507354736328,260.760009765625,204.07330322265625,860.226318359375,13.665373802185059,57.56294631958008,228.4513702392578,57.08838653564453
2021-07-16,82.498046875,257.1300048828125,200.75741577148438,855.358154296875,13.272468566894531,58.11322021484375,226.01780700683594,56.694332122802734
2021-07-19,82.08746337890625,250.13999938964844,200.5818634033203,826.1690673828125,12.678321838378906,58.05426788330078,216.5288543701172,55.78801345825195
2021-07-20,81.2717056274414,254.2100067138672,205.029052734375,859.0923461914062,13.157472610473633,58.1033935546875,225.3603515625,56.2313232421875
2021-07-21,80.77044677734375,256.5,204.21957397460938,862.8460083007812,13.464129447937012,58.46696853637695,227.5093536376953,56.950469970703125
2021-07-22,80.43626403808594,257.57000732421875,205.08755493164062,847.3814697265625,13.17663860321045,57.92652130126953,228.3826904296875,56.93076705932617
2021-07-23,81.85157775878906,261.20001220703125,209.6322784423828,849.424560546875,13.243719100952148,58.74211120605469,225.0267333984375,57.49229431152344
2021-07-26,82.6476821899414,257.8299865722656,208.79356384277344,851.907470703125,13.339550971984863,58.290096282958984,224.95803833007812,57.82723617553711
2021-07-27,82.51007843017578,260.32000732421875,210.04190063476562,842.5134887695312,13.32996654510498,58.67332077026367,226.0472412109375,57.68931579589844
2021-07-28,81.7532958984375,259.1700134277344,206.99908447265625,841.3697509765625,13.406631469726562,58.61437225341797,226.17481994628906,57.11793899536133
2021-07-29,82.08745574951172,255.2100067138672,208.1108856201172,849.8546752929688,13.761202812194824,57.64155960083008,228.5200653076172,57.246009826660156
2021-07-30,78.13641357421875,273.010009765625,206.81378173828125,847.6845092773438,13.492877960205078,58.67332077026367,229.4130096435547,57.95530319213867
2021-08-02,78.17572021484375,274.25,207.4477081298828,853.6377563476562,13.416213989257812,58.309749603271484,228.0686798095703,57.60065460205078
2021-08-03,78.05778503417969,277.45001220703125,210.07115173339844,860.4315795898438,13.84744930267334,59.282562255859375,228.29437255859375,57.36422348022461
2021-08-04,76.90785217285156,278.7900085449219,204.48291015625,862.1911010742188,13.665373802185059,58.90916061401367,225.2916717529297,57.10808563232422
2021-08-05,77.54669952392578,268.6400146484375,201.23529052734375,869.2977905273438,13.80911636352539,59.439781188964844,225.57623291015625,57.472591400146484
2021-08-06,77.28133392333984,265.05999755859375,200.63063049316406,875.9547119140625,14.10619068145752,59.380821228027344,225.37997436523438,57.817378997802734
2021-08-09,76.99630737304688,261.25,199.4603271484375,881.7025146484375,14.029526710510254,58.152523040771484,223.95712280273438,57.41347885131836
2021-08-10,77.37962341308594,256.0400085449219,203.57594299316406,892.0546264648438,14.249935150146484,58.94846725463867,227.53878784179688,57.58095169067383
2021-08-11,77.74327087402344,249.77000427246094,205.9848175048828,896.48291015625,14.604506492614746,60.87443923950195,229.79571533203125,58.2114372253418
2021-08-12,77.43859100341797,247.5399932861328,204.1220703125,897.9002685546875,14.681170463562012,61.35282897949219,228.505126953125,58.15232849121094
2021-08-13,78.07743835449219,248.27999877929688,201.32305908203125,896.2579956054688,14.51826000213623,61.74737548828125,228.32778930664062,58.43801498413086
2021-08-16,78.41160583496094,253.32000732421875,207.00881958007812,904.1076049804688,14.336182594299316,62.07288360595703,230.27847290039062,58.369056701660156
2021-08-17,78.65731811523438,259.9200134277344,202.62991333007812,889.1807250976562,14.192438125610352,60.48481369018555,228.02236938476562,58.58578872680664
2021-08-18,76.81939697265625,253.27000427246094,202.48362731933594,881.6439819335938,14.096607208251953,59.094017028808594,225.03726196289062,58.15232849121094
2021-08-19,77.61550903320312,263.0,203.21507263183594,883.471923828125,14.010360717773438,59.17293167114258,224.35745239257812,58.083370208740234
2021-08-20,77.44841766357422,266.989990234375,204.49266052246094,896.56103515625,14.144522666931152,59.90284729003906,224.32791137695312,58.526676177978516
2021-08-23,77.0356216430664,262.82000732421875,202.62991333007812,907.0108032226562,14.403264045715332,60.03107833862305,225.717041015625,58.9108772277832
2021-08-24,76.33780670166016,267.6400146484375,202.63966369628906,908.3109741210938,14.662004470825195,60.366451263427734,227.02734375,58.644893646240234
2021-08-25,76.31814575195312,264.8800048828125,206.9893341064453,918.4088745117188,14.997411727905273,61.07664108276367,227.2440948486328,58.595638275146484
2021-08-26,75.98396301269531,264.1300048828125,203.6539306640625,914.8506469726562,14.757835388183594,60.869503021240234,227.46083068847656,58.12277603149414
2021-08-27,76.11174774169922,268.739990234375,198.7776336669922,933.4823608398438,14.997411727905273,61.145687103271484,227.71697998046875,58.51682662963867
2021-08-30,76.31814575195312,265.5199890136719,196.1639404296875,926.7764892578125,14.729086875915527,61.066776275634766,228.43617248535156,58.82221603393555
2021-08-31,76.61299133300781,268.7699890136719,197.83163452148438,922.0941162109375,14.882413864135742,59.89298629760742,228.47555541992188,59.777793884277344
2021-09-01,76.98648071289062,265.17999267578125,196.88563537597656,922.6121826171875,14.681170463562012,60.39603805541992,226.39682006835938,60.23095703125
2021-09-02,77.17322540283203,272.6700134277344,195.84210205078125,929.3082885742188,14.719503402709961,60.92868423461914,227.5494842529297,60.831886291503906
2021-09-03,76.57368469238281,274.75,194.5059814453125,920.2168579101562,14.614090919494629,60.35658264160156,224.97813415527344,60.80233383178711
2021-09-07,75.58100891113281,268.3699951171875,194.86683654785156,907.9935913085938,14.662004470825195,58.206275939941406,219.62855529785156,59.4034423828125
2021-09-08,76.44591522216797,262.1000061035156,195.22767639160156,907.5123901367188,14.604506492614746,57.38758087158203,221.07676696777344,59.245826721191406
2021-09-09,75.97415161132812,258.7099914550781,196.24197387695312,905.3524780273438,14.700338363647461,58.63041687011719,219.62855529785156,58.6744499206543
2021-09-10,75.71861267089844,252.38999938964844,195.08139038085938,899.9329223632812,14.709921836853027,58.72905731201172,219.07684326171875,58.418312072753906
2021-09-13,76.05277252197266,262.989990234375,194.3304443359375,899.5795288085938,14.786584854125977,59.044700622558594,220.2886505126953,59.07835388183594
2021-09-14,75.97415161132812,262.04998779296875,196.1931915283203,885.530029296875,14.412846565246582,58.15695571899414,216.9291229248047,54.76347351074219
2021-09-15,75.88568115234375,266.1099853515625,201.1085205078125,893.08984375,14.547009468078613,57.67363357543945,218.40692138671875,56.15250778198242
2021-09-16,75.15838623046875,269.6300048828125,203.5389404296875,874.2295532226562,14.566367149353027,57.34812545776367,216.39712524414062,56.428348541259766
2021-09-17,74.92250061035156,278.1400146484375,201.6867218017578,860.6710205078125,14.46958065032959,56.45051956176758,215.2543182373047,56.26087188720703
2021-09-20,74.863525390625,277.3900146484375,199.63848876953125,841.6634521484375,13.956612586975098,56.0362434387207,212.53518676757812,55.65009307861328
2021-09-21,75.07975769042969,279.3299865722656,201.5495147705078,829.8524169921875,13.792075157165527,55.454280853271484,211.71746826171875,55.22649002075195
2021-09-22,75.11907196044922,277.2200012207031,206.9886016845703,835.556640625,14.034040451049805,55.74032211303711,213.8060760498047,55.18708038330078
2021-09-23,75.3549575805664,282.739990234375,209.81101989746094,860.2193603515625,14.624438285827637,55.89814376831055,216.44639587402344,55.3348503112793
2021-09-24,75.31563568115234,287.6400146484375,211.3496551513672,858.6975708007812,14.70186710357666,55.31618118286133,215.94393920898438,55.403812408447266
2021-09-27,74.7062759399414,282.70001220703125,214.0937042236328,859.5321044921875,15.292265892028809,55.34577560424805,214.67303466796875,55.453067779541016
2021-09-28,74.51953125,275.8399963378906,210.48724365234375,844.9033203125,15.16644287109375,54.30021286010742,211.78643798828125,53.93596267700195
2021-09-29,75.75791931152344,280.1300048828125,212.43746948242188,840.9761352539062,15.16644287109375,54.931495666503906,211.7371826171875,55.098419189453125
2021-09-30,74.28365325927734,271.30999755859375,204.71495056152344,823.3922119140625,14.963191032409668,54.79340362548828,209.1362762451172,55.098419189453125
2021-10-01,74.28365325927734,271.510009765625,203.84274291992188,826.5634155273438,15.350336074829102,55.1189079284668,212.45635986328125,56.3593864440918
2021-10-04,73.77256774902344,269.5,203.02932739257812,810.5307006835938,15.360015869140625,55.22740936279297,211.03770446777344,55.9357795715332
2021-10-05,73.14353942871094,269.4100036621094,204.8423614501953,823.5100708007812,15.524554252624512,55.10904312133789,212.52532958984375,56.193050384521484
2021-10-06,73.81187438964844,270.510009765625,207.07679748535156,822.3024291992188,15.38905143737793,55.3753662109375,213.6484375,56.3018913269043
2021-10-07,74.29347229003906,277.1199951171875,210.2128448486328,827.0150756835938,15.456803321838379,56.34201431274414,215.13607788085938,56.79663848876953
2021-10-08,74.29347229003906,280.6199951171875,209.86981201171875,829.0277709960938,15.485838890075684,56.095420837402344,214.47601318359375,54.12501907348633
2021-10-11,74.4998779296875,279.1300048828125,207.88040161132812,824.4427490234375,15.301944732666016,55.977054595947266,212.1016845703125,51.671085357666016
2021-10-12,74.37210083007812,280.69000244140625,207.7725830078125,820.9671630859375,15.272908210754395,55.878421783447266,211.15591430664062,51.779930114746094
2021-10-13,74.76524353027344,275.57000732421875,206.1163787841797,852.0115356445312,15.25355052947998,56.0362434387207,212.3874053955078,52.13614273071289
2021-10-14,75.28614807128906,280.0400085449219,210.5656280517578,876.261962890625,15.543910026550293,57.76240539550781,215.3528289794922,53.422481536865234
2021-10-15,74.94215393066406,280.0899963378906,211.12423706054688,890.743408203125,15.61166000366211,58.462738037109375,217.4512939453125,53.45216369628906
2021-10-18,73.9887924194336,276.2799987792969,218.07254028320312,879.9927368164062,15.669734001159668,59.281429290771484,217.3626251220703,52.66057586669922
2021-10-19,73.49736785888672,281.9200134277344,219.66015625,885.2355346679688,15.814912796020508,59.03483581542969,218.49559020996094,53.66985321044922
2021-10-20,74.25873565673828,290.1000061035156,222.12979125976562,886.4921875,16.16334342956543,59.774620056152344,220.3280487060547,54.134910583496094
2021-10-21,74.05109405517578,296.25,229.03890991210938,887.267822265625,15.960091590881348,60.3072624206543,221.19500732421875,53.46205520629883
2021-10-22,74.65425872802734,297.8900146484375,227.33364868164062,898.31298828125,16.14398765563965,60.17903518676758,214.18045043945312,53.650062561035156
2021-10-25,74.29829406738281,297.6000061035156,225.53045654296875,907.9050903320312,16.105270385742188,60.67222595214844,214.31837463378906,53.51153564453125
2021-10-26,75.30687713623047,299.4599914550781,227.911865234375,914.6206665039062,15.940733909606934,60.248085021972656,215.0868377685547,53.19489669799805
2021-10-27,75.0497817993164,295.6199951171875,225.7460479736328,900.5711059570312,15.456803321838379,63.384769439697266,212.52532958984375,51.888771057128906
2021-10-28,76.018798828125,297.1400146484375,220.5029754638672,918.4496459960938,15.408408164978027,64.6078872680664,215.2444610595703,51.35445022583008
2021-10-29,75.33654022216797,295.7200012207031,221.01258850097656,926.2843627929688,15.234193801879883,64.6572036743164,215.3823699951172,50.8893928527832
2021-11-01,75.0992202758789,297.9700012207031,220.6107635498047,919.1859130859375,15.437444686889648,63.75959396362305,216.50550842285156,51.710662841796875
2021-11-02,75.41563415527344,294.4599914550781,222.2375946044922,930.5944213867188,15.301944732666016,63.21708297729492,217.91432189941406,52.086669921875
2021-11-03,76.40443420410156,303.989990234375,226.34385681152344,934.3743286132812,15.68908977508545,63.2861328125,219.50047302246094,52.393409729003906
2021-11-04,76.4242172241211,303.04998779296875,225.49124145507812,936.6716918945312,15.243871688842773,63.7891845703125,219.195068359375,52.175724029541016
2021-11-05,76.96804809570312,304.17999267578125,225.138427734375,937.7222290039062,15.340658187866211,63.29599380493164,222.71218872070312,53.33342742919922
2021-11-08,76.86917114257812,305.0400085449219,223.3548126220703,948.2864379882812,15.418088912963867,63.177635192871094,222.3870849609375,52.927738189697266
2021-11-09,77.17569732666016,305.3800048828125,227.74526977539062,949.1503295898438,15.360015869140625,64.82488250732422,224.37716674804688,53.185001373291016
2021-11-10,77.60088348388672,302.67999267578125,230.07769775390625,941.7476806640625,15.379372596740723,63.79042053222656,223.0315399169922,53.6005859375
2021-11-11,77.11637115478516,312.57000732421875,233.68414306640625,948.021240234375,15.756840705871582,63.92900848388672,218.67794799804688,53.095947265625
2021-11-12,77.15592193603516,313.2200012207031,234.26234436035156,953.8040771484375,15.727805137634277,66.03753662109375,220.04339599609375,52.93762969970703
2021-11-15,77.42289733886719,308.82000732421875,237.0749969482422,935.8862915039062,15.931055068969727,66.56219482421875,220.12255859375,52.81889343261719
2021-11-16,77.00759887695312,308.29998779296875,230.9793243408203,931.6743774414062,15.960091590881348,67.78970336914062,219.03414916992188,52.56162643432617
2021-11-17,76.7109603881836,307.75,227.90206909179688,914.5813598632812,15.785877227783203,67.40362548828125,218.1634521484375,53.16521453857422
2021-11-18,75.53429412841797,306.9599914550781,227.28466796875,905.9710083007812,15.650375366210938,67.06705474853516,218.37123107910156,52.225196838378906
2021-11-19,76.33521270751953,298.0,225.40304565429688,898.2933959960938,15.505196571350098,66.91856384277344,216.18455505371094,51.36434555053711
2021-11-22,76.69117736816406,302.8900146484375,227.19647216796875,902.5936279296875,15.679412841796875,67.59170532226562,215.83824157714844,50.96854782104492
2021-11-23,77.05703735351562,306.5,231.05770874023438,918.4005126953125,15.872983932495117,67.53231811523438,213.7208251953125,51.49298095703125
2021-11-24,76.88894653320312,307.0,228.7056884765625,913.7763061523438,15.824590682983398,67.69070434570312,209.9708251953125,51.334659576416016
2021-11-26,76.19677734375,292.4200134277344,222.19839477539062,885.2257080078125,14.876084327697754,66.40380859375,206.0130157470703,50.56285858154297
2021-11-29,76.8395004272461,297.5299987792969,222.72760009765625,911.1057739257812,14.876084327697754,66.66117858886719,205.4688262939453,50.98833465576172
2021-11-30,74.17963409423828,285.17999267578125,216.30850219726562,888.1416015625,14.363115310668945,65.23570251464844,200.10601806640625,49.454627990722656
2021-12-01,74.54549407958984,282.2799987792969,213.86827087402344,883.9395751953125,14.188899040222168,65.00802612304688,197.31576538085938,48.56409454345703
2021-12-02,74.63448333740234,288.0199890136719,224.18780517578125,902.122314453125,14.740581512451172,66.85917663574219,201.84744262695312,50.95865249633789
2021-12-03,75.9100341796875,285.95001220703125,222.3258056640625,883.193359375,14.459901809692383,68.06687927246094,201.35272216796875,51.2357063293457
2021-12-06,77.69976043701172,285.04998779296875,225.42263793945312,884.4361572265625,14.759940147399902,67.79959106445312,204.07369995117188,51.79971694946289
2021-12-07,76.9383773803711,291.1300048828125,230.2541046142578,908.3248901367188,14.992226600646973,67.90848541259766,204.96420288085938,49.058837890625
2021-12-08,76.88894653320312,297.3299865722656,229.3524932861328,911.2246704101562,14.924476623535156,68.15596008300781,202.49057006835938,48.42556381225586
2021-12-09,77.12625885009766,295.239990234375,229.93069458007812,906.5100708007812,14.93415641784668,67.7500991821289,203.8263397216797,47.30744171142578
2021-12-10,78.57979583740234,302.9800109863281,235.24237060546875,912.5068969726562,14.779296875,68.01737213134766,207.59613037109375,47.94071578979492
2021-12-13,80.2310791015625,300.94000244140625,229.44068908691406,905.1094360351562,14.440545082092285,67.60161590576172,207.02224731445312,47.20848846435547
2021-12-14,81.20999145507812,306.17999267578125,230.685302734375,890.0385131835938,14.721224784851074,67.453125,204.4991455078125,48.24745178222656
2021-12-15,81.83293914794922,314.0,234.3603515625,902.3970336914062,14.885763168334961,68.60143280029297,207.54666137695312,47.67354965209961
2021-12-16,83.00959777832031,306.8699951171875,235.36416625976562,908.9462890625,15.037308692932129,68.05697631835938,207.3982391357422,48.32661437988281
2021-12-17,81.55607604980469,302.9200134277344,229.1248016357422,901.075439453125,14.548449516296387,65.79995727539062,203.00509643554688,48.2375602722168
2021-12-20,81.59561920166016,299.04998779296875,224.76510620117188,885.01806640625,14.216025352478027,64.08739471435547,197.74124145507812,47.891239166259766
2021-12-21,81.1704330444336,308.54998779296875,225.92637634277344,898.412353515625,14.73421573638916,65.71086120605469,199.54202270507812,48.346405029296875
2021-12-22,81.53629302978516,316.3800048828125,229.0952606201172,899.0731811523438,14.783102035522461,66.77007293701172,199.71023559570312,48.51461410522461
2021-12-23,81.86260223388672,316.7300109863281,228.4457550048828,901.420654296875,14.919981956481934,67.31453704833984,203.05458068847656,49.50410461425781
2021-12-27,82.97006225585938,322.3299865722656,232.7463836669922,909.9523315429688,15.056862831115723,68.5222396850586,204.25180053710938,49.93947982788086
2021-12-28,83.5138931274414,322.8900146484375,234.3505096435547,909.212646484375,15.076416969299316,68.86870574951172,204.86524963378906,49.97905731201172
2021-12-29,83.95885467529297,324.8800048828125,237.2044677734375,897.278076171875,15.08619499206543,69.52205657958984,205.34019470214844,50.0582160949707
2021-12-30,83.6424331665039,320.67999267578125,233.7501983642578,901.2628173828125,15.08619499206543,68.97760009765625,204.92462158203125,50.0582160949707
2021-12-31,84.384033203125,318.0799865722656,236.07273864746094,903.0382080078125,15.076416969299316,69.51215362548828,206.30984497070312,49.80095291137695
2022-01-03,83.6424331665039,316.57000732421875,233.0219268798828,899.2605590820312,15.44795036315918,68.72021484375,204.61790466308594,50.20664596557617
2022-01-04,83.91930389404297,303.94000244140625,233.2876434326172,904.6754760742188,16.03458023071289,69.50225830078125,206.794677734375,49.9083251953125
2022-01-05,84.265380859375,302.2099914550781,232.69717407226562,879.5736083984375,16.054134368896484,67.63130950927734,208.83294677734375,49.93815994262695
2022-01-06,83.71165466308594,291.7699890136719,237.81463623046875,883.24267578125,16.650543212890625,67.9579849243164,208.59547424316406,50.22652816772461
2022-01-07,83.4941177368164,289.7699890136719,234.31114196777344,880.0667114257812,16.8363094329834,66.39390563964844,213.4734649658203,49.76911163330078
2022-01-10,82.77229309082031,289.70001220703125,230.41400146484375,861.3956909179688,16.650543212890625,65.93854522705078,211.20762634277344,50.23647689819336
2022-01-11,82.23834228515625,294.239990234375,228.32763671875,876.0425415039062,16.63098907470703,66.7997817993164,214.0275421142578,50.85299301147461
2022-01-12,81.94170379638672,292.0799865722656,233.76004028320312,873.004638671875,16.709205627441406,67.63130950927734,215.9470672607422,50.6640625
2022-01-13,81.61540222167969,289.19000244140625,237.48988342285156,855.7144165039062,16.943859100341797,67.453125,217.1146240234375,50.992210388183594
2022-01-14,82.51520538330078,286.1000061035156,235.79718017578125,836.9939575195312,17.23717498779297,66.60179138183594,215.35340881347656,51.38996505737305
2022-01-18,82.18890380859375,276.32000732421875,234.13401794433594,820.6210327148438,17.061185836791992,65.23570251464844,211.33624267578125,49.89838409423828
2022-01-19,83.11837005615234,280.44000244140625,230.62066650390625,814.2099609375,16.728761672973633,64.92882537841797,208.5064239501953,50.047542572021484
2022-01-20,82.35700225830078,281.04998779296875,225.690185546875,815.24560546875,16.30834197998047,64.48336791992188,206.7155303955078,49.93815994262695
2022-01-21,83.18215942382812,278.0799865722656,222.56065368652344,789.9661254882812,14.841765403747559,63.612239837646484,202.93585205078125,49.45090866088867
2022-01-24,83.18215942382812,279.7699890136719,229.1149444580078,776.0589599609375,15.291515350341797,64.34477996826172,202.29269409179688,49.78900146484375
2022-01-25,81.26341247558594,270.2099914550781,226.52667236328125,787.6285400390625,15.174189567565918,62.800498962402344,200.16537475585938,49.39124298095703
2022-01-26,80.91545104980469,268.2799987792969,221.5469970703125,784.590576171875,15.08619499206543,61.71158981323242,198.53277587890625,48.18803405761719
2022-01-27,82.21781158447266,275.8500061035156,221.5371551513672,777.183349609375,14.724438667297363,60.939453125,198.53277587890625,47.74055862426758
2022-01-28,82.56578063964844,285.1099853515625,224.59780883789062,797.08740234375,14.841765403747559,61.96896743774414,199.85865783691406,49.44096755981445
2022-01-31,81.96926879882812,290.4800109863281,227.8355712890625,811.6849365234375,14.724438667297363,62.691612243652344,202.32237243652344,49.709449768066406
2022-02-01,81.4423599243164,287.5899963378906,231.0733642578125,814.6537475585938,15.213298797607422,62.721309661865234,203.1732940673828,49.65972900390625
2022-02-02,82.3172378540039,295.6600036621094,232.9235076904297,811.2608032226562,15.457728385925293,62.99848556518555,205.3599853515625,49.709449768066406
2022-02-03,82.24764251708984,297.6099853515625,228.80003356933594,794.7498168945312,15.223073959350586,61.9986686706543,189.71681213378906,49.361412048339844
2022-02-04,80.64703369140625,298.7699890136719,223.38731384277344,798.744384765625,15.47728157043457,60.840457916259766,189.4793243408203,49.05315399169922
2022-02-07,80.64703369140625,297.79998779296875,222.35397338867188,805.7472534179688,15.47728157043457,59.711952209472656,190.44900512695312,48.585792541503906
2022-02-08,80.44818878173828,307.6300048828125,226.54637145996094,796.3475952148438,15.936808586120605,58.55374526977539,192.50704956054688,48.9338264465332
2022-02-09,80.39849090576172,307.4200134277344,228.49493408203125,801.8809204101562,15.780373573303223,59.95943069458008,194.54530334472656,49.490684509277344
2022-02-10,79.25518798828125,306.1600036621094,219.19493103027344,767.5469970703125,15.692378997802734,57.6826171875,189.72669982910156,48.64545440673828
2022-02-11,79.06629943847656,303.2300109863281,219.40159606933594,761.9249267578125,15.565276145935059,57.1480598449707,185.01693725585938,47.35274887084961
2022-02-14,78.7978744506836,307.510009765625,220.7203369140625,749.9114990234375,15.350177764892578,56.67289733886719,184.7200927734375,47.13398742675781
2022-02-15,78.12184143066406,319.7900085449219,219.06700134277344,770.5059814453125,15.848814010620117,57.44503402709961,187.53012084960938,47.78033447265625
2022-02-16,77.88323211669922,322.42999267578125,218.86032104492188,772.7054443359375,15.82926082611084,58.08848190307617,187.06509399414062,47.82011413574219
2022-02-17,78.68851470947266,319.8399963378906,216.91175842285156,752.071533203125,15.516390800476074,57.1678581237793,182.6422576904297,46.50752258300781
2022-02-18,79.086181640625,314.8699951171875,215.32730102539062,745.68017578125,15.49683666229248,56.979774475097656,180.2082061767578,46.37825012207031
2022-02-22,78.3902587890625,307.67999267578125,203.4783935546875,735.2843627929688,15.47728157043457,55.346405029296875,180.6336669921875,46.67656326293945
2022-02-23,78.18148803710938,303.92999267578125,193.67648315429688,722.4719848632812,14.959091186523438,54.524776458740234,177.07167053222656,44.87672424316406
2022-02-24,75.13932800292969,307.5299987792969,197.62283325195312,721.7815551757812,14.626666069030762,55.0720100402832,181.40939331054688,45.75178527832031
2022-02-25,77.68440246582031,318.3399963378906,202.3072967529297,740.6006469726562,15.223073959350586,56.3455810546875,187.59765625,46.80583572387695
2022-02-28,76.50133514404297,306.8699951171875,201.23458862304688,733.7161254882812,15.174189567565918,55.758544921875,188.78158569335938,46.49757385253906
2022-03-01,75.59664916992188,311.8800048828125,197.9771270751953,705.0338134765625,14.069367408752441,54.305877685546875,182.66297912597656,46.12965393066406
2022-03-02,76.25279235839844,308.510009765625,205.75173950195312,727.946044921875,14.753769874572754,55.92768859863281,185.4884796142578,46.11970901489258
2022-03-03,76.94871520996094,314.1199951171875,204.96444702148438,727.6206665039062,14.743992805480957,55.460052490234375,186.56297302246094,46.85555648803711
2022-03-04,76.90895080566406,323.6300048828125,203.3406219482422,691.6382446289062,14.431122779846191,54.554622650146484,186.47341918945312,46.94504928588867
2022-03-07,76.23291778564453,311.82000732421875,198.11489868164062,672.2569580078125,13.77605152130127,51.669185638427734,181.23031616210938,46.040157318115234
2022-03-08,74.4334716796875,308.57000732421875,197.396484375,658.1578979492188,13.873823165893555,52.21642303466797,182.3048095703125,45.87111282348633
2022-03-09,75.09956359863281,312.25,201.6282501220703,688.3219604492188,14.382237434387207,53.83823776245117,184.4537811279297,45.861167907714844
2022-03-10,73.40946960449219,316.2200012207031,201.6676025390625,692.243896484375,14.284464836120605,53.57954025268555,183.41909790039062,45.1352653503418
2022-03-11,73.33988189697266,313.1099853515625,200.8409423828125,682.1560668945312,14.392014503479004,53.46014404296875,181.30992126464844,44.76734161376953
2022-03-14,73.52877044677734,308.70001220703125,196.0088653564453,692.571533203125,14.704883575439453,53.83823776245117,182.2650146484375,44.71762466430664
2022-03-15,75.04985046386719,327.7699890136719,201.02792358398438,702.639404296875,14.636444091796875,55.370506286621094,186.83157348632812,45.284423828125
2022-03-16,74.71183776855469,329.8500061035156,204.22633361816406,725.9127807617188,15.08619499206543,55.83814239501953,190.0550537109375,45.970550537109375
2022-03-17,74.69194793701172,337.4100036621094,206.36752319335938,735.6630249023438,15.002243995666504,56.644073486328125,190.95045471191406,46.219146728515625
2022-03-18,71.7790298461914,343.3500061035156,204.54354858398438,733.3396606445312,14.933110237121582,57.111717224121094,193.72621154785156,46.64673614501953
2022-03-21,73.71766662597656,337.3399963378906,203.95867919921875,728.6134643554688,14.893604278564453,55.59934997558594,192.03489685058594,46.4080810546875
2022-03-22,74.06562805175781,338.1700134277344,207.576904296875,741.560791015625,15.229401588439941,54.92276382446289,194.03463745117188,46.95499801635742
2022-03-23,73.20069885253906,331.8599853515625,211.48260498046875,731.2247924804688,14.804716110229492,53.09200668334961,191.35836791992188,46.2589225769043
2022-03-24,73.2205810546875,337.5,212.801025390625,733.0318603515625,14.952862739562988,52.654212951660156,193.69638061523438,46.537349700927734
2022-03-25,74.343994140625,340.1099853515625,213.70310974121094,735.772216796875,15.16026782989502,52.03732681274414,196.78054809570312,46.865501403808594
2022-03-28,74.950439453125,342.6099853515625,208.6574249267578,744.5493774414062,14.903480529785156,52.644264221191406,196.10401916503906,47.26325225830078
2022-03-29,75.7557144165039,343.42999267578125,213.57423400878906,767.7432861328125,15.140514373779297,54.624271392822266,196.5318145751953,47.5118522644043
2022-03-30,75.91477966308594,341.3800048828125,209.97584533691406,771.8340454101562,14.705953598022461,53.082054138183594,195.53692626953125,47.42235565185547
2022-03-31,75.38787078857422,333.5899963378906,205.1581573486328,758.73779296875,14.439290046691895,50.743858337402344,193.58692932128906,46.5572395324707
2022-04-01,75.97442626953125,339.4100036621094,205.67361450195312,764.2880859375,14.261514663696289,51.29109573364258,195.02952575683594,47.43230056762695
2022-04-04,76.1434326171875,328.6700134277344,210.07496643066406,776.6693725585938,14.261514663696289,51.69903564453125,195.0693359375,47.84000015258789
2022-04-05,76.99842071533203,329.2900085449219,209.88661193847656,758.9959716796875,14.19237995147705,50.524959564208984,192.64178466796875,47.869998931884766
2022-04-06,78.35049438476562,338.7200012207031,210.97705078125,739.9324340820312,13.935593605041504,50.505062103271484,192.63182067871094,47.72999954223633
2022-04-07,79.95111083984375,342.29998779296875,215.68568420410156,743.56640625,13.678808212280273,50.40556335449219,191.71652221679688,47.150001525878906
2022-04-08,79.78209686279297,337.6000061035156,223.774658203125,730.8673095703125,13.629426002502441,50.41551208496094,189.1894989013672,47.41999816894531
2022-04-11,79.97099304199219,333.05999755859375,219.04617309570312,723.2022094726562,13.629426002502441,49.88817596435547,188.3040313720703,47.61000061035156
2022-04-12,80.52772521972656,331.8800048828125,219.94825744628906,711.7343139648438,13.303504943847656,49.420536041259766,190.0152587890625,47.25
2022-04-13,80.51778411865234,334.1700134277344,218.65957641601562,710.6520385742188,13.27387523651123,50.19662094116211,193.85556030273438,47.90999984741211
2022-04-14,80.46807861328125,335.94000244140625,216.77610778808594,683.2780151367188,13.194864273071289,49.14194107055664,194.19381713867188,47.58000183105469
2022-04-18,79.54350280761719,332.760009765625,216.349853515625,675.1661376953125,13.352887153625488,48.92304611206055,191.08975219726562,46.86000061035156
2022-04-19,80.13999938964844,335.57000732421875,220.95936584472656,696.5828247070312,13.896087646484375,50.763755798339844,196.1935577392578,48.11000061035156
2022-04-20,81.52999877929688,347.5299987792969,226.03480529785156,694.0310668945312,14.063986778259277,51.59953689575195,195.33795166015625,47.400001525878906
2022-04-21,82.0999984741211,340.760009765625,223.59620666503906,676.6157836914062,13.925718307495117,51.89802932739258,194.9399871826172,46.939998626708984
2022-04-22,81.0999984741211,325.17999267578125,216.48863220214844,658.2274169921875,13.589920043945312,50.67420959472656,189.65708923339844,45.380001068115234
2022-04-25,81.80999755859375,326.7200012207031,221.92092895507812,663.5294799804688,13.728189468383789,51.95772933959961,190.8410186767578,45.709999084472656
2022-04-26,80.5199966430664,321.54998779296875,221.4946746826172,642.4503784179688,13.402268409729004,52.46516799926758,186.7122039794922,44.56999969482422
2022-04-27,80.69000244140625,323.8399963378906,222.92213439941406,638.4490356445312,13.333133697509766,54.624271392822266,185.39894104003906,44.45000076293945
2022-04-28,81.22000122070312,315.3800048828125,207.56698608398438,646.3424682617188,13.412144660949707,54.78346633911133,188.95071411132812,41.70000076293945
2022-04-29,77.05000305175781,313.45001220703125,197.8919677734375,620.2393798828125,12.987459182739258,52.42536926269531,192.5223846435547,39.7599983215332
2022-05-02,75.18000030517578,306.45001220703125,198.74449157714844,620.3585205078125,13.096100807189941,52.654212951660156,195.865234375,40.45000076293945
2022-05-03,74.48999786376953,307.0199890136719,198.179443359375,626.5740356445312,13.323257446289062,53.61934280395508,196.0343780517578,40.369998931884766
2022-05-04,77.0,312.1000061035156,205.82232666015625,660.5010986328125,13.728189468383789,55.529701232910156,204.79942321777344,41.619998931884766
2022-05-05,76.08999633789062,311.55999755859375,199.57716369628906,629.3045043945312,13.441773414611816,53.76858901977539,196.86013793945312,40.380001068115234
2022-05-06,76.83999633789062,308.1099853515625,201.09384155273438,624.1513671875,13.184988021850586,52.793514251708984,194.43258666992188,40.0
2022-05-09,77.66999816894531,296.5,200.87576293945312,601.2553100585938,12.997336387634277,53.489994049072266,192.97010803222656,39.7599983215332
2022-05-10,76.66999816894531,292.5,201.13348388671875,605.89208984375,12.938078880310059,52.91291046142578,193.77597045898438,40.29999923706055
2022-05-11,76.75,288.5400085449219,199.31944274902344,596.0823364257812,12.62203311920166,52.09702682495117,191.04000854492188,39.84000015258789
2022-05-12,77.55000305175781,289.7099914550781,207.0812530517578,596.1320190429688,12.720797538757324,54.285980224609375,192.9199981689453,41.38999938964844
2022-05-13,78.4000015258789,295.8900146484375,209.37115478515625,610.9558715820312,12.888696670532227,55.0919075012207,193.52999877929688,41.47999954223633
2022-05-16,78.7300033569336,303.5799865722656,211.82955932617188,594.3447265625,12.750426292419434,55.02225875854492,193.9600067138672,41.869998931884766
2022-05-17,78.7699966430664,307.67999267578125,214.37718200683594,607.3714599609375,13.303504943847656,55.92768859863281,199.05999755859375,42.84000015258789
2022-05-18,75.70999908447266,304.0,193.7979278564453,587.6526489257812,13.026965141296387,54.047183990478516,193.8699951171875,42.130001068115234
2022-05-19,75.12000274658203,309.32000732421875,194.36297607421875,588.864013671875,12.947954177856445,53.70888900756836,192.64999389648438,42.02000045776367
2022-05-20,75.12999725341797,309.5299987792969,180.30641174316406,596.1716918945312,12.8590669631958,54.017333984375,189.75,42.0099983215332
2022-05-23,76.5199966430664,311.80999755859375,181.64466857910156,607.1630249023438,13.343010902404785,54.49492263793945,189.5800018310547,42.880001068115234
2022-05-24,78.12000274658203,312.5899963378906,178.66085815429688,613.954345703125,13.254122734069824,54.27602767944336,189.9600067138672,43.06999969482422
2022-05-25,77.48999786376953,314.67999267578125,183.69664001464844,622.1456909179688,13.471404075622559,55.470001220703125,190.44000244140625,43.70000076293945
2022-05-26,78.16000366210938,299.0199890136719,189.2379608154297,647.8020629882812,13.639302253723145,57.11000061035156,193.10000610351562,44.130001068115234
2022-05-27,78.86000061035156,305.0799865722656,191.3692626953125,661.7919311523438,13.757819175720215,57.84000015258789,196.35000610351562,44.15999984741211
2022-05-31,78.80999755859375,290.2200012207031,188.20703125,664.3237915039062,13.708436965942383,56.689998626708984,193.6199951171875,44.279998779296875
2022-06-01,78.19999694824219,287.3800048828125,186.02618408203125,655.814697265625,13.422021865844727,55.66999816894531,191.91000366210938,43.93000030517578
2022-06-02,79.2699966430664,289.19000244140625,189.4263153076172,681.6099853515625,13.629426002502441,56.849998474121094,197.0399932861328,43.79999923706055
2022-06-03,78.93000030517578,281.739990234375,189.06944274902344,671.739990234375,13.422021865844727,56.33000183105469,194.82000732421875,42.93000030517578
2022-06-06,78.77999877929688,286.6499938964844,189.07937622070312,675.3400268554688,13.530661582946777,57.0,195.19000244140625,42.279998779296875
2022-06-07,78.70999908447266,288.1000061035156,185.21331787109375,679.6099853515625,13.58004379272461,57.130001068115234,197.6199951171875,42.630001068115234
2022-06-08,77.87000274658203,283.45001220703125,183.50828552246094,662.4099731445312,13.352887153625488,56.369998931884766,194.52000427246094,42.84000015258789
2022-06-09,76.8499984741211,276.989990234375,183.05230712890625,659.8499755859375,12.918325424194336,56.70000076293945,192.00999450683594,42.18000030517578
2022-06-10,76.62999725341797,276.4100036621094,177.86782836914062,617.6699829101562,12.296112060546875,54.720001220703125,186.27999877929688,41.630001068115234
2022-06-13,76.19000244140625,262.19000244140625,170.6908721923828,598.719970703125,12.108461380004883,52.279998779296875,184.4199981689453,40.20000076293945
2022-06-14,74.2699966430664,261.69000244140625,169.98704528808594,591.22998046875,12.08870792388916,51.209999084472656,183.27999877929688,39.84000015258789
2022-06-15,74.16000366210938,260.3399963378906,170.7899932861328,599.9000244140625,12.385000228881836,50.95000076293945,184.97000122070312,40.130001068115234
2022-06-16,73.91999816894531,254.72999572753906,165.4499969482422,585.77001953125,11.84000015258789,47.709999084472656,179.8800048828125,37.90999984741211
2022-06-17,74.04000091552734,251.75,167.80999755859375,582.260009765625,11.9399995803833,47.619998931884766,179.6999969482422,38.709999084472656
2022-06-21,76.45999908447266,258.5799865722656,171.72999572753906,614.5399780273438,12.119999885559082,47.2599983215332,180.50999450683594,38.47999954223633
2022-06-22,77.91000366210938,260.54998779296875,174.66000366210938,609.280029296875,12.170000076293945,47.33000183105469,177.72999572753906,38.900001525878906
2022-06-23,78.87999725341797,265.6099853515625,178.6300048828125,624.7100219726562,11.9399995803833,49.529998779296875,174.57000732421875,39.11000061035156
2022-06-24,80.37999725341797,267.1300048828125,183.10000610351562,647.780029296875,12.510000228881836,51.79999923706055,180.02000427246094,39.56999969482422
2022-06-27,79.87999725341797,274.55999755859375,183.6300048828125,636.9199829101562,12.369999885559082,51.689998626708984,178.2899932861328,39.83000183105469
2022-06-28,79.9749984741211,279.9599914550781,185.19129943847656,645.25,12.609999656677246,52.2400016784668,180.75,40.4567985534668
